,AREA,cost,bedrooms,age
0,1009.0,202.3,2.0,89
1,,65656.4,5.0,56
2,3008.0,5885.3,9.0,85
3,4007.0,545454.3636,6.0,23
4,5006.0,45454.3,5.0,54
5,6005.0,656565.9696,6.0,21
6,,22220.369,5.0,48
7,8003.0,45454.0236,7.0,75
8,9002.0,636.58,5.0,36
9,3006.0,878.36,1.0,98
10,,989.32145,5.0,52
11,5002.0,2568.9875,0.0,62
12,6003.0,32568.25698,3.0,325
13,7001.0,458.369,9.0,78
14,1000.0,2563.3652,8.0,25
