S NO,AREA,cost,bedrooms,Age
1,1009,202.3,5,20
2,2008,65656.4,4,32
3,NaN,5885.3,1,36
4,4007,545454.3636,6,6
5,5006,45454.3,6,69
6,6005,656565.9696,2,56
7,7004,22220.369,0,86
8,NaN,45454.0236,5,78
9,9002,636.58,7,85
10,3006,878.36,3,25
11,4003,989.32145,69,56
12,5002,2568.9875,87,95
13,NaN,32568.25698,4,65
14,7001,458.369,3,20
15,8001,2563.3652,1,32
